frame_index,detection_index,x1,y1,x2,y2,cat_confidence,orange_prob,goblin_prob,pred_label,pred_confidence
0,0,1016,850,1392,1175,0.618940,0.360416,0.639584,goblin,0.639584
0,1,1017,848,1278,1172,0.519184,0.018776,0.981224,goblin,0.981224
6,0,1018,842,1395,1175,0.826641,0.598348,0.401652,orange,0.598348
6,1,1019,842,1270,1172,0.307717,0.675344,0.324656,orange,0.675344
12,0,1039,861,1358,1174,0.791015,0.355356,0.644644,goblin,0.644644
24,0,1044,910,1393,1178,0.828757,0.043822,0.956178,goblin,0.956178
30,0,1058,840,1393,1178,0.931213,0.361334,0.638666,goblin,0.638666
42,0,1243,902,1801,1276,0.726395,0.769749,0.230251,orange,0.769749
48,0,1312,907,1882,1286,0.877006,0.305408,0.694592,goblin,0.694592
